{"dist_to_own_territory": 0.6053232667335481, "dist_to_adversary_trail": -0.6538636497946722, "adversary_dist_to_own_trail": -0.6210576676183927, "adversary_dist_to_adversary_territory": 1.112631720426523, "territory_size": 4.0608840026569295, "trail_size": -1.5353407598249178, "adversary_trail_size": 2.727701756647701, "num_tick_remain": -1.6619977694451191, "min_dist_from_wall": 2.603323947863283, "is_self_win": 0.0, "is_adversary_win": 0.0}