{"dist_to_own_territory": 3.9238532732931404, "dist_to_adversary_trail": -4.936943423821774, "adversary_dist_to_own_trail": 13.07739431208456, "adversary_dist_to_adversary_territory": -6.141017806022308, "territory_size": -0.681596265830473, "trail_size": -9.870644735685488, "adversary_trail_size": 0.9518087807930514, "num_tick_remain": -1.9198755792382305, "min_dist_from_wall": -0.29767979582077164, "is_self_win": 0.0, "is_adversary_win": 0.0}