{"dist_to_own_territory": 2.8851637862306876, "dist_to_adversary_trail": -4.840582793622146, "adversary_dist_to_own_trail": 20.868914172100837, "adversary_dist_to_adversary_territory": -14.57346442517838, "territory_size": -3.3768124481865107, "trail_size": -10.277247612729866, "adversary_trail_size": 10.3763445060325, "num_tick_remain": 0.937210823615638, "min_dist_from_wall": 1.3831125102547694, "is_self_win": 0.0, "is_adversary_win": 0.0}