{"dist_to_own_territory": 3.2169735441115908, "dist_to_adversary_trail": -2.019150416885221, "adversary_dist_to_own_trail": 21.213933944075926, "adversary_dist_to_adversary_territory": -16.64683806482914, "territory_size": -5.15988159325211, "trail_size": -9.14423872775611, "adversary_trail_size": 17.30606660213694, "num_tick_remain": -1.4336082510091641, "min_dist_from_wall": 2.6379757406887263, "is_self_win": 0.0, "is_adversary_win": 0.0}