{"dist_to_own_territory": 3.723184503679166, "dist_to_adversary_trail": -3.117199069909134, "adversary_dist_to_own_trail": 17.870026535340227, "adversary_dist_to_adversary_territory": -18.48517513024043, "territory_size": -3.869288863831066, "trail_size": -9.68867836312442, "adversary_trail_size": 11.22693762453349, "num_tick_remain": 0.41133785063888306, "min_dist_from_wall": 3.207858433917359, "is_self_win": 0.0, "is_adversary_win": 0.0}