{"dist_to_own_territory": 2.3868025451057413, "dist_to_adversary_trail": -3.9676901229071193, "adversary_dist_to_own_trail": 14.102918786984828, "adversary_dist_to_adversary_territory": -14.779468802317227, "territory_size": 1.271811776517215, "trail_size": -6.001709650304464, "adversary_trail_size": 8.33596949101616, "num_tick_remain": -2.6310218453359604, "min_dist_from_wall": 1.0380995886554196, "is_self_win": 0.0, "is_adversary_win": 0.0}