{"dist_to_own_territory": 1.8171918684751545, "dist_to_adversary_trail": -8.314170698726919, "adversary_dist_to_own_trail": 21.372283736158405, "adversary_dist_to_adversary_territory": -12.247253150050732, "territory_size": -1.2180933212775826, "trail_size": -11.608679296981416, "adversary_trail_size": 8.575721098770243, "num_tick_remain": -0.38874757877582106, "min_dist_from_wall": -0.07629898178312287, "is_self_win": 0.0, "is_adversary_win": 0.0}