{"dist_to_own_territory": 0.036000000000000004, "dist_to_adversary_trail": 0.43200000000000005, "adversary_dist_to_own_trail": 0.21600000000000003, "adversary_dist_to_adversary_territory": 0.0, "territory_size": 0.504, "trail_size": 0.0, "adversary_trail_size": 0.0, "num_tick_remain": 0.5760000000000001, "min_dist_from_wall": 0.036000000000000004, "is_self_win": 0.0, "is_adversary_win": 0.0}