{"dist_to_own_territory": 4.501361378648646, "dist_to_adversary_trail": -4.243871782785977, "adversary_dist_to_own_trail": 21.540422870319873, "adversary_dist_to_adversary_territory": -9.180813753011472, "territory_size": -5.369403390112879, "trail_size": -8.149762942658016, "adversary_trail_size": 3.3997250172572993, "num_tick_remain": -2.4169485091218186, "min_dist_from_wall": 3.8462444958465603, "is_self_win": 0.0, "is_adversary_win": 0.0}