{"dist_to_own_territory": -9.283127015467326, "dist_to_adversary_trail": -0.19491389784138335, "adversary_dist_to_own_trail": -3.4091162582413013, "adversary_dist_to_adversary_territory": -3.9792080171415933, "territory_size": -1.5429807999201297, "trail_size": -8.927007693092401, "adversary_trail_size": 4.410817579396793, "num_tick_remain": -3.40100862751554, "min_dist_from_wall": 6.656449905785928, "is_self_win": 0.0, "is_adversary_win": 0.0}